close_loop,1
smooth_curve,1
cones_min_distance,2
cones_padding,1.7
cones_max_distance,4
1.72433,0.0837384
8.74384,0.748284
19.15,2.26829
25.9316,-5.33173
27.2177,-13.6333
22.8916,-22.6364
14.0054,-15.621
6.17153,-14.8025
-4.46849,-18.4271
-15.927,-10.7102
-11.8347,-1.23941
